ID,クラス,性別,部活動,通学時間,睡眠時間,スマホ時間,家庭学習時間,国語,数学,英語,小テスト_事前,小テスト_事後,授業の満足度,感想
1,1組,男子,運動部,40,6.6,1.9,80,87,69,68,8,9,4,英語の授業で発表する機会が増えて自信がついた。
2,1組,女子,文化部,45,6.6,3.1,85,68,77,54,9,17,5,グループ活動で友達の意見を聞けて、考えが広がった。
3,1組,女子,運動部,30,8.0,0.5,20,57,54,49,11,11,4,授業で自分の考えを話せるのがうれしい。
4,1組,女子,文化部,10,6.4,3.9,60,65,51,36,10,16,2,授業でもっと質問できる時間が欲しい。
5,1組,女子,運動部,50,7.1,1.6,100,67,64,68,5,8,4,小テストで点数が上がったので、家庭学習を続けたい。
6,1組,女子,文化部,35,7.4,2.5,35,63,56,53,10,10,4,国語の授業で文章を読むのが楽しくなった。
7,1組,女子,文化部,30,6.7,1.9,45,50,47,65,10,10,2,テストの点数が上がらず、勉強のやり方に悩んでいる。
8,1組,男子,入っていない,25,6.2,2.7,85,79,67,68,10,12,4,数学の授業はグラフを使った説明が分かりやすかった。
9,1組,男子,運動部,25,7.5,1.9,45,65,65,71,7,11,4,友達と教え合う時間があって、授業がとても楽しかった。
10,1組,女子,文化部,45,6.2,4.0,80,59,70,65,9,12,4,部活と勉強を両立できるように、時間の使い方を工夫している。
11,1組,女子,入っていない,25,7.7,3.0,65,56,50,48,8,13,3,英語の授業は好きだが、文法が少し難しい。
12,1組,男子,運動部,15,6.2,3.7,70,62,66,67,13,15,4,先生の説明がていねいで、苦手な数学が少し好きになった。
13,1組,男子,運動部,20,7.3,2.7,65,77,79,67,13,18,5,毎日少しずつ家庭学習をしたら、テストの点数が上がった。
14,1組,女子,運動部,30,6.0,1.3,75,70,56,62,8,10,4,英語の授業で発表する機会が増えて自信がついた。
15,1組,女子,入っていない,55,6.5,1.9,10,64,63,53,10,11,4,グループ活動で友達の意見を聞けて、考えが広がった。
16,1組,男子,入っていない,10,6.6,4.3,60,63,76,55,6,8,5,小テストで点数が上がったので、家庭学習を続けたい。
17,1組,男子,入っていない,20,5.8,2.9,70,68,78,84,15,17,4,授業で自分の考えを話せるのがうれしい。
18,1組,男子,運動部,30,6.6,3.2,20,41,71,46,11,8,5,数学の授業はグラフを使った説明が分かりやすかった。
19,1組,男子,文化部,30,5.9,3.1,65,74,77,55,13,15,4,部活と勉強を両立できるように、時間の使い方を工夫している。
20,1組,男子,入っていない,55,7.4,1.4,110,90,83,93,14,19,3,通学時間が長いので、電車の中で英単語を覚えている。
21,2組,男子,入っていない,55,6.5,2.4,70,74,51,68,12,14,2,通学時間が長くて、家に帰ると疲れている。
22,2組,女子,文化部,35,6.6,2.5,75,59,72,86,16,19,5,友達と教え合う時間があって、授業がとても楽しかった。
23,2組,女子,運動部,65,5.8,4.3,90,61,55,50,8,11,3,授業の内容は分かるが、問題を解く時間がもっと欲しい。
24,2組,男子,運動部,25,6.0,3.7,90,58,64,54,11,15,4,先生の説明がていねいで、苦手な数学が少し好きになった。
25,2組,男子,運動部,30,7.3,2.2,95,61,75,73,11,14,5,国語の授業で文章を読むのが楽しくなった。
26,2組,男子,運動部,45,7.4,2.8,55,67,62,46,13,14,4,グループ活動で友達の意見を聞けて、考えが広がった。
27,2組,男子,運動部,30,6.9,2.1,50,60,55,70,11,11,3,部活で疲れて、家で勉強する時間があまり取れない。
28,2組,男子,運動部,25,5.8,4.5,55,56,50,62,3,2,2,スマホを見ていると、勉強を始めるのが遅くなる。
29,2組,女子,文化部,20,5.9,3.5,45,68,37,45,10,13,1,数学の問題が難しくて、何を聞けばよいか分からない。
30,2組,男子,文化部,60,6.8,2.7,80,55,60,74,10,12,5,毎日少しずつ家庭学習をしたら、テストの点数が上がった。
31,2組,女子,文化部,40,5.6,3.7,85,84,74,100,18,19,4,英語の授業で発表する機会が増えて自信がついた。
32,2組,女子,入っていない,30,6.2,2.3,60,64,57,48,9,10,5,授業で自分の考えを話せるのがうれしい。
33,2組,男子,運動部,25,6.0,2.2,50,52,53,53,11,13,3,授業は分かりやすいが、進むのが少し速いと感じる。
34,2組,女子,運動部,25,6.5,3.8,50,65,57,64,12,13,3,数学は難しいけれど、友達に聞くと分かることが多い。
35,2組,女子,文化部,20,6.8,2.5,5,67,54,53,7,7,4,国語の授業で文章を読むのが楽しくなった。
36,2組,男子,文化部,25,6.5,2.9,85,59,58,76,8,10,2,授業が速くてついていけないことがある。
37,2組,男子,運動部,25,6.7,2.0,65,66,71,83,19,19,2,テストの点数が上がらず、勉強のやり方に悩んでいる。
38,2組,男子,入っていない,25,5.1,6.1,110,71,69,74,8,11,4,小テストで点数が上がったので、家庭学習を続けたい。
39,2組,女子,運動部,15,5.9,1.4,90,71,68,65,11,11,4,部活と勉強を両立できるように、時間の使い方を工夫している。
40,2組,女子,文化部,100,6.4,2.1,60,45,70,58,7,10,4,数学の授業はグラフを使った説明が分かりやすかった。
41,3組,女子,文化部,20,7.3,1.6,120,88,91,70,11,16,5,友達と教え合う時間があって、授業がとても楽しかった。
42,3組,男子,運動部,40,6.3,3.0,30,65,43,43,8,9,3,睡眠時間が短い日は、授業に集中しにくい。
43,3組,女子,運動部,15,6.6,2.3,80,88,60,59,9,9,3,小テストがあると、復習するきっかけになる。
44,3組,女子,文化部,55,7.2,3.3,65,61,40,47,7,11,1,授業でもっと質問できる時間が欲しい。
45,3組,女子,運動部,60,6.5,1.4,40,62,37,60,5,8,1,部活が忙しく、家庭学習の時間がほとんどない。
46,3組,女子,文化部,65,5.8,4.3,70,81,58,60,14,18,5,先生の説明がていねいで、苦手な数学が少し好きになった。
47,3組,男子,入っていない,35,7.2,2.6,40,46,38,50,8,10,3,テスト前だけ勉強しているので、毎日続けたい。
48,3組,男子,運動部,65,7.5,2.6,0,57,39,31,10,6,4,グループ活動で友達の意見を聞けて、考えが広がった。
49,3組,女子,文化部,45,7.0,0.7,45,64,39,58,7,10,4,小テストで点数が上がったので、家庭学習を続けたい。
50,3組,男子,運動部,20,6.7,4.3,35,67,59,68,7,11,5,英語の授業で発表する機会が増えて自信がついた。
51,3組,女子,文化部,40,6.5,2.4,65,64,65,66,12,14,2,授業が速くてついていけないことがある。
52,3組,女子,文化部,35,6.4,4.7,20,64,35,55,12,10,3,スマホを見る時間が長くて、寝るのが遅くなってしまう。
53,3組,男子,文化部,30,6.6,3.3,60,90,66,78,16,14,3,英語の授業は好きだが、文法が少し難しい。
54,3組,女子,運動部,50,6.8,3.3,45,56,66,62,13,11,5,授業で自分の考えを話せるのがうれしい。
55,3組,男子,文化部,30,6.0,4.3,25,73,58,70,12,16,3,部活で疲れて、家で勉強する時間があまり取れない。
56,3組,女子,文化部,25,7.7,2.4,60,77,67,76,16,15,5,部活と勉強を両立できるように、時間の使い方を工夫している。
57,3組,男子,入っていない,30,7.2,1.9,75,75,55,70,10,11,4,毎日少しずつ家庭学習をしたら、テストの点数が上がった。
58,3組,男子,入っていない,35,8.2,1.9,95,65,63,67,9,11,4,数学の授業はグラフを使った説明が分かりやすかった。
59,3組,男子,運動部,25,6.8,2.3,70,74,54,60,8,8,4,国語の授業で文章を読むのが楽しくなった。
60,3組,女子,文化部,15,6.7,3.7,90,74,69,74,12,14,4,友達と教え合う時間があって、授業がとても楽しかった。
