ID,勉強法,学年,単語テスト_1回目,単語テスト_2回目,単語テスト_3回目,理解度,満足度
1,ノートにまとめる,2年,62,68,69,53,3.2
2,ノートにまとめる,1年,64,63,62,91,2.6
3,ノートにまとめる,2年,56,57,59,57,2.9
4,ノートにまとめる,2年,46,44,56,68,2.2
5,友達と教え合う,1年,60,71,76,75,2.5
6,友達と教え合う,2年,46,59,64,68,2.6
7,友達と教え合う,1年,53,58,63,76,4.6
8,問題演習,2年,52,54,60,67,3.5
9,ノートにまとめる,2年,62,67,62,68,3.3
10,友達と教え合う,2年,55,55,64,69,3
11,問題演習,1年,38,47,50,76,3
12,友達と教え合う,2年,64,70,80,72,2.7
13,問題演習,1年,42,42,50,70,2.4
14,問題演習,2年,51,62,62,80,2.5
15,問題演習,1年,67,71,69,76,1.7
16,友達と教え合う,2年,49,67,66,67,3.1
17,友達と教え合う,1年,56,66,67,65,3.1
18,友達と教え合う,2年,52,62,78,61,2.5
19,友達と教え合う,1年,51,61,64,61,3.6
20,問題演習,2年,72,73,81,72,2.5
21,問題演習,2年,55,67,71,57,3.6
22,友達と教え合う,1年,48,53,60,58,3.8
23,問題演習,1年,70,62,78,65,3.1
24,ノートにまとめる,2年,50,41,38,65,2.1
25,友達と教え合う,2年,65,63,72,73,3.7
26,問題演習,1年,61,68,68,57,4.5
27,ノートにまとめる,1年,66,71,75,64,2.6
28,ノートにまとめる,1年,41,57,52,55,3.8
29,問題演習,2年,59,75,85,60,3
30,ノートにまとめる,1年,49,56,56,64,2.9
31,ノートにまとめる,1年,61,73,74,71,1.8
32,ノートにまとめる,1年,63,68,64,75,2
33,問題演習,2年,51,64,61,84,2.5
34,問題演習,2年,51,45,61,62,3.1
35,問題演習,1年,67,74,81,70,2.7
36,友達と教え合う,1年,61,55,71,71,3.2
37,友達と教え合う,2年,62,68,75,71,4.3
38,ノートにまとめる,1年,39,48,49,48,2.4
39,問題演習,1年,59,69,68,57,2.8
40,ノートにまとめる,2年,58,65,66,64,2.7
41,ノートにまとめる,2年,53,37,47,55,2.6
42,問題演習,2年,49,64,66,69,2.4
43,友達と教え合う,1年,55,53,63,56,4
44,問題演習,1年,57,76,67,75,1.7
45,友達と教え合う,1年,52,59,60,75,2.3
46,友達と教え合う,2年,60,67,74,82,3
47,ノートにまとめる,1年,62,57,57,54,2.2
48,ノートにまとめる,2年,71,77,67,57,2.8
