ID,Q1_授業が楽しい,Q2_もっと知りたいと思う,Q3_自分から勉強する,Q4_課題を最後までやる,Q5_勉強が将来に役立つと思う,Q6_友達と話すのが楽しい,Q7_困ったとき相談できる,Q8_クラスに居場所がある,Q9_友達と協力できる,Q10_休み時間が楽しい,Q11_行事に積極的に参加する,Q12_部活動に打ち込んでいる,Q13_文化祭が楽しみ,Q14_体育祭で力を出す,Q15_学校外の活動にも参加する
1,2,3,3,5,3,3,3,3,3,3,1,2,2,2,3
2,4,4,4,5,4,3,4,3,3,3,3,4,4,3,5
3,1,1,1,2,2,3,4,3,3,3,2,2,3,3,4
4,4,4,3,3,3,2,3,2,3,4,4,4,3,2,2
5,3,2,2,3,2,3,3,2,3,4,4,5,5,4,4
6,2,1,1,3,2,2,3,2,3,3,1,1,2,3,3
7,4,4,3,5,4,5,1,2,2,3,3,3,3,4,3
8,2,3,3,3,3,3,4,4,3,3,3,3,3,4,2
9,3,3,4,2,2,2,2,1,1,3,2,1,1,1,2
10,3,4,5,3,4,3,5,3,4,3,3,3,4,4,4
11,3,4,4,3,3,2,2,3,3,3,4,4,4,4,4
12,3,3,2,2,4,3,4,4,5,5,5,5,5,5,5
13,3,3,3,4,3,3,2,3,4,3,4,3,4,5,4
14,3,3,3,1,2,2,1,1,2,2,2,2,2,2,2
15,3,2,2,3,2,4,3,3,3,4,1,2,4,2,4
16,3,4,4,4,3,3,3,3,3,4,2,2,3,2,2
17,3,4,5,2,3,3,3,4,3,3,3,3,2,3,2
18,3,3,3,2,3,2,2,3,3,4,3,4,3,3,2
19,2,2,1,2,2,1,3,1,1,2,1,1,2,2,2
20,3,2,3,3,4,3,4,4,5,5,4,3,3,2,2
21,3,5,5,3,5,3,4,3,5,4,3,5,2,3,4
22,4,3,3,5,4,4,3,3,2,3,3,3,2,3,2
23,2,3,3,4,3,3,2,3,4,4,3,3,4,4,5
24,4,5,4,5,4,3,3,3,3,3,4,2,2,4,4
25,1,2,3,2,2,3,3,2,3,2,3,4,3,4,5
26,3,2,3,3,3,3,5,2,2,4,3,4,2,3,1
27,1,2,4,3,3,2,3,2,1,2,3,3,3,2,3
28,3,2,2,3,2,1,2,1,1,1,1,1,1,1,1
29,3,2,3,4,3,3,2,2,3,3,2,2,2,2,3
30,1,2,2,2,1,3,3,2,2,2,5,5,5,5,3
31,3,5,5,4,4,2,2,3,3,3,3,3,3,3,4
32,5,5,5,4,5,4,3,3,3,2,3,5,5,4,4
33,1,1,2,2,1,3,4,2,3,2,3,2,3,3,4
34,3,3,3,5,3,4,5,5,5,5,3,3,4,3,4
35,2,2,2,2,1,3,3,3,3,3,4,3,4,4,4
36,3,3,1,3,3,5,3,3,4,3,3,5,4,4,3
37,3,3,3,3,3,2,3,2,2,3,4,3,3,3,3
38,3,2,2,2,2,3,3,1,3,3,3,3,3,3,3
39,5,4,4,4,4,3,3,3,3,3,3,3,4,4,5
40,4,2,3,3,3,3,3,2,3,3,4,5,5,4,5
41,2,2,2,1,3,3,4,2,3,3,2,2,3,3,2
42,3,3,3,3,4,4,3,2,4,4,1,2,2,3,1
43,2,2,2,3,3,3,1,2,3,3,5,3,4,3,4
44,4,5,4,5,4,2,2,3,3,2,3,3,3,3,2
45,4,4,4,4,5,2,3,3,3,5,3,3,2,3,3
46,4,3,4,4,4,3,3,3,1,3,4,3,3,3,3
47,4,5,3,3,3,2,2,1,1,1,4,5,5,4,5
48,3,2,2,3,3,4,3,3,3,3,3,3,4,3,3
49,3,2,2,2,3,3,4,4,4,4,3,3,3,3,3
50,3,4,3,3,3,4,3,3,4,3,4,4,4,4,2
51,4,3,4,4,3,4,3,2,3,3,2,4,3,3,3
52,3,3,2,2,3,4,4,4,4,4,4,4,4,4,4
53,4,4,3,5,5,4,3,3,3,3,4,3,3,4,3
54,4,3,4,4,3,5,3,4,4,4,3,3,3,3,3
55,2,3,2,3,2,2,2,2,2,2,3,3,4,3,3
56,1,1,1,2,1,2,2,1,2,1,2,2,1,3,1
57,3,3,5,4,5,5,3,4,4,4,5,5,5,5,5
58,3,2,1,3,3,3,3,3,3,3,2,3,2,1,3
59,4,3,4,5,5,5,5,5,4,5,5,5,5,4,4
60,5,4,3,5,5,5,3,4,4,3,3,3,3,3,4
61,1,2,2,3,2,1,1,2,1,2,1,2,2,2,3
62,4,3,3,4,3,2,4,4,4,5,3,3,3,3,3
63,4,3,3,3,4,2,2,2,2,2,2,1,2,1,2
64,4,5,4,5,3,5,3,4,4,4,4,3,4,4,2
65,2,2,2,1,1,3,2,3,2,2,4,2,2,2,4
66,3,4,3,3,3,2,3,1,2,1,4,3,2,3,4
67,3,4,4,4,4,3,1,2,2,4,3,4,4,3,4
68,2,2,3,3,3,2,4,2,3,3,5,4,5,5,3
69,4,3,3,3,4,4,4,3,3,4,2,1,2,1,2
70,2,2,2,2,2,1,1,2,1,2,3,3,4,2,2
71,3,3,4,4,3,3,1,2,2,2,3,4,4,4,5
72,2,2,2,4,3,4,4,3,4,2,3,2,2,1,1
73,4,4,5,3,4,4,4,5,3,4,3,3,3,3,3
74,4,3,2,4,3,2,3,3,3,3,3,3,2,3,3
75,4,3,4,3,3,3,3,5,3,3,2,2,3,3,2
76,3,3,1,4,4,1,2,2,1,3,3,2,3,2,3
77,4,3,3,3,4,3,3,2,2,1,2,3,2,2,3
78,2,2,3,2,3,2,2,3,4,3,3,2,1,2,1
79,2,4,4,3,2,5,5,5,5,5,3,3,4,2,3
80,2,1,2,3,2,3,4,5,5,5,5,2,3,3,3
81,3,4,3,3,3,4,3,3,3,3,3,3,3,3,2
82,2,2,3,1,2,4,4,3,4,4,4,4,4,5,4
83,2,2,2,2,2,4,2,4,2,3,3,4,3,4,2
84,3,3,3,3,2,2,4,3,3,3,3,4,5,4,4
85,3,4,3,4,4,2,3,3,3,3,5,5,4,4,3
86,4,3,3,3,4,5,3,3,2,4,4,4,4,3,3
87,3,2,2,1,3,3,4,3,4,3,2,2,2,2,2
88,4,3,2,3,3,3,2,2,2,4,3,3,2,2,2
89,3,4,4,3,3,2,3,3,4,4,2,1,1,2,2
90,4,3,3,2,3,5,4,5,3,4,3,2,2,3,1
91,1,2,2,2,3,3,3,3,2,2,3,3,3,4,3
92,2,2,3,3,2,5,5,4,5,4,3,3,2,3,3
93,5,5,5,5,5,4,3,5,4,4,5,3,3,4,4
94,1,1,1,2,1,2,3,1,2,3,1,2,2,2,1
95,3,3,3,3,4,3,3,4,3,4,5,5,5,5,4
96,1,1,1,2,1,3,4,3,2,3,3,4,3,3,3
97,2,4,5,4,4,3,3,3,4,4,5,4,5,5,3
98,4,3,4,5,3,3,4,3,4,4,4,4,3,2,5
99,3,2,3,2,3,3,3,1,3,2,3,1,3,3,4
100,3,4,3,3,3,3,1,2,3,3,2,3,2,2,3
101,3,3,4,5,4,3,3,3,2,3,5,5,5,5,5
102,4,3,4,5,4,3,4,5,3,4,4,5,4,4,4
103,3,3,4,4,3,1,3,5,4,3,5,5,5,5,5
104,1,1,2,2,2,2,1,1,1,1,1,1,2,2,1
105,1,1,3,3,2,3,1,2,3,3,3,1,2,2,2
106,4,3,4,4,4,3,4,4,4,5,3,5,4,3,3
107,3,4,4,2,4,5,5,5,5,5,3,5,4,4,5
108,3,2,2,3,3,1,1,1,3,1,1,1,1,2,1
109,2,4,3,3,4,3,2,2,2,1,4,4,5,5,5
110,2,2,2,1,1,3,3,2,3,2,3,3,2,2,3
111,4,2,4,3,3,3,3,5,3,3,5,3,4,3,3
112,2,3,3,2,4,3,4,3,3,3,3,3,3,2,4
113,1,1,2,3,1,5,3,5,4,4,3,4,2,3,3
114,2,1,1,2,2,2,3,1,3,3,3,3,3,1,4
115,4,3,4,4,3,4,4,4,3,4,4,5,4,3,3
116,3,3,3,2,2,2,1,3,3,2,1,2,2,2,1
117,3,4,4,3,3,4,3,5,3,4,2,2,2,2,2
118,4,3,2,2,4,3,3,4,3,3,3,2,3,3,3
119,3,2,2,2,2,2,2,2,2,2,2,3,2,1,1
120,3,5,5,5,5,2,3,2,3,3,3,3,3,2,2
121,5,3,3,4,3,2,2,2,2,2,3,3,2,3,3
122,3,3,3,2,2,3,2,3,1,2,4,3,4,3,5
123,3,4,4,3,3,5,5,4,4,5,3,4,4,3,3
124,1,2,1,3,1,3,4,4,3,4,1,1,1,1,2
125,1,4,3,3,2,4,3,3,3,4,3,3,3,4,4
126,4,4,5,5,5,3,3,4,4,4,4,4,4,3,3
127,4,4,2,3,4,3,4,5,5,3,4,5,5,3,3
128,2,3,2,3,2,4,3,4,3,3,2,2,2,2,3
129,4,3,3,2,3,4,3,4,3,4,5,5,5,4,5
130,4,3,5,4,5,2,5,4,3,3,3,4,4,3,4
131,5,4,5,4,3,3,4,3,5,2,4,4,3,3,2
132,5,4,2,4,3,4,3,3,4,4,4,4,5,4,4
133,5,4,3,4,4,3,3,3,2,2,5,5,4,4,4
134,4,2,3,3,4,1,3,2,3,2,2,2,3,3,5
135,2,2,3,2,3,4,3,5,3,2,2,2,2,3,2
136,4,5,3,4,5,4,4,5,4,5,5,5,4,5,5
137,5,4,4,3,5,3,4,3,4,3,3,3,2,4,3
138,4,4,4,4,3,4,4,3,3,3,3,3,3,3,2
139,3,1,1,1,1,2,2,2,2,4,3,1,2,4,2
140,5,4,5,5,4,3,4,2,2,2,3,4,4,4,5
141,3,3,3,4,3,4,3,3,4,3,3,3,3,2,2
142,4,3,3,4,3,5,5,4,4,2,2,3,3,2,2
143,1,1,1,1,1,3,4,3,4,4,2,1,3,2,2
144,3,3,4,4,3,3,4,4,3,4,2,1,4,3,2
145,5,4,4,5,4,2,3,3,3,4,3,4,3,5,5
146,3,3,4,3,2,4,4,3,3,4,2,3,2,2,2
147,3,3,3,2,2,3,3,3,2,2,4,2,3,4,4
148,4,4,3,5,5,3,2,3,3,4,4,3,3,3,3
149,2,2,3,1,3,5,3,4,3,3,2,2,2,2,3
150,5,5,5,4,4,3,3,3,4,4,4,3,3,4,4
