ID,英語の家庭学習時間,英単語テスト,模試の英語,海外経験,合否
1,25,23,36,なし,不合格
2,45,33,85,あり,合格
3,20,24,44,あり,不合格
4,70,36,66,なし,合格
5,10,26,61,なし,不合格
6,30,43,62,あり,合格
7,55,36,61,なし,合格
8,65,48,93,あり,合格
9,40,38,65,なし,合格
10,60,30,52,なし,合格
11,10,23,58,なし,不合格
12,0,26,53,なし,不合格
13,0,21,64,なし,不合格
14,30,35,64,なし,不合格
15,50,35,74,なし,合格
16,35,35,74,なし,不合格
17,30,30,70,なし,不合格
18,15,27,66,なし,不合格
19,40,36,61,なし,不合格
20,20,45,61,なし,合格
21,15,20,64,なし,不合格
22,60,24,64,なし,不合格
23,60,33,76,なし,合格
24,40,28,48,なし,不合格
25,35,28,65,なし,合格
26,60,39,56,なし,不合格
27,45,35,67,なし,不合格
28,50,33,45,あり,不合格
29,45,35,65,なし,合格
30,50,36,65,なし,不合格
31,45,34,82,なし,合格
32,10,27,60,なし,不合格
33,60,41,68,なし,合格
34,25,30,58,なし,不合格
35,10,40,66,あり,不合格
36,20,21,55,なし,不合格
37,45,23,47,なし,不合格
38,45,39,74,なし,不合格
39,55,39,71,あり,合格
40,15,25,63,なし,不合格
41,20,38,46,なし,不合格
42,60,24,61,なし,不合格
43,25,35,47,なし,合格
44,15,34,66,なし,合格
45,55,44,57,なし,合格
46,10,26,61,なし,不合格
47,20,38,64,あり,合格
48,35,33,81,あり,不合格
49,25,23,33,あり,不合格
50,40,22,44,なし,不合格
51,50,38,59,なし,合格
52,30,31,65,なし,不合格
53,55,26,62,なし,合格
54,30,31,59,あり,不合格
55,50,42,62,なし,合格
56,45,47,69,あり,合格
57,5,28,55,あり,不合格
58,20,30,54,なし,不合格
59,30,26,65,なし,不合格
60,5,31,70,なし,不合格
61,15,17,48,あり,不合格
62,40,32,64,なし,不合格
63,40,32,51,なし,合格
64,15,26,63,なし,不合格
65,45,20,52,なし,不合格
66,15,24,63,なし,不合格
67,30,24,57,なし,合格
68,25,27,67,なし,合格
69,45,29,54,なし,合格
70,35,32,52,なし,不合格
71,20,33,67,なし,不合格
72,0,35,81,なし,合格
73,40,38,77,なし,合格
74,20,18,49,なし,不合格
75,50,22,51,なし,不合格
76,45,38,70,なし,合格
77,40,30,46,なし,合格
78,30,15,37,なし,不合格
79,65,41,38,なし,合格
80,25,32,72,なし,合格
