ID,模試の得点,家庭学習時間,スマホ時間,睡眠時間,授業の集中度,通学時間
1,50,100,4.2,6.2,3.9,25
2,59,90,1.2,6.7,3.6,10
3,35,80,3.2,6.7,2.2,65
4,39,55,1.6,6.9,4.2,10
5,46,40,3.1,6.9,3.6,35
6,41,30,1.5,6.6,3,15
7,64,165,2.8,6.4,3.2,40
8,54,70,4.1,5.9,4.7,20
9,49,50,3.1,6.5,3.3,50
10,38,15,4,6.7,3.1,30
11,53,110,2,6.6,3.1,15
12,39,50,4.1,5.5,3.4,35
13,41,75,3,5.8,3.9,70
14,41,40,2.1,6.4,2.9,30
15,52,85,2.8,6.6,2.4,20
16,65,75,1,7.1,2.4,60
17,57,85,3.9,6.1,3.4,55
18,48,145,4.7,6,1,85
19,28,0,1.8,6.3,2.7,25
20,47,85,4.1,6.8,2.5,35
21,49,60,2.7,6.7,2.2,35
22,55,50,1.5,7.3,3.5,30
23,40,45,3,5.6,2.5,25
24,49,60,1.4,7.2,3.1,30
25,43,30,3.9,6.4,2.9,20
26,50,95,6.1,5.1,3.2,25
27,54,105,4.6,6.8,2.4,30
28,62,65,2,6.9,4.4,20
29,57,110,2,7.1,4.4,45
30,46,65,2.6,6.9,1.5,40
31,45,75,3.3,5.8,2.4,60
32,45,45,2.6,6.4,2.6,40
33,45,95,4.5,6.5,2.6,30
34,35,30,3.4,6.8,1.9,65
35,48,20,3.5,6.6,3.9,30
36,46,35,2,6.9,3,75
37,61,115,4.6,6.1,3.1,25
38,29,75,4.1,6.3,1,15
39,70,105,2.3,6.5,4,40
40,52,75,3,6.8,3.5,20
41,67,105,4.6,6.1,4.2,35
42,42,70,2.8,6.8,2.9,30
43,47,35,1.5,7.3,2.8,40
44,37,120,4.7,7.1,1.5,40
45,45,75,4.9,5.6,3.9,35
46,65,90,1.3,7.7,3.3,30
47,70,125,0.5,7.7,2.6,40
48,55,120,2.2,6.5,3.3,20
49,47,105,4.7,6.7,2.6,65
50,45,90,3.7,7.1,2.7,15
51,47,70,3.4,6.7,1.3,20
52,43,70,2.8,6.4,2.4,25
53,49,100,3.3,6.5,2.5,25
54,47,60,2,6.8,3.9,45
55,53,105,1.8,7,3.1,15
56,55,70,3,6.8,2.9,60
57,48,90,3.7,6.5,2.5,40
58,52,115,2.5,6.8,3,50
59,50,120,3.4,7,4.1,50
60,55,110,5.8,5.9,5,10
