ID,学年,性別,役割,満足度,感想
1,2年,男子,クラス企画,3,クラスの劇で照明を担当した。楽しかったが、準備の時間が足りなかった。後輩にもこの経験を伝えたい。
2,2年,女子,部活動,3,美術部で作品を展示した。役割分担をもっと早く決めればよかった。後輩にもこの経験を伝えたい。
3,3年,女子,クラス企画,3,文化祭の模擬店でたこ焼きを売った。忙しくて、ほかのクラスを見に行けなかった。後輩にもこの経験を伝えたい。
4,2年,男子,部活動,5,茶道部でお茶をふるまった。準備は大変だったが、達成感があった。次は友達ともっと協力したい。
5,2年,女子,クラス企画,4,クラスの展示で教室の飾り付けをした。来てくれた人が喜んでくれて、うれしかった。来年の文化祭では、別の企画にも挑戦したい。
6,3年,女子,クラス企画,5,文化祭のステージでクラスのダンスを発表した。みんなで協力できて、とても楽しかった。
7,3年,男子,実行委員,4,文化祭の実行委員として全体の進行を手伝った。お客さんがたくさん来てくれて、やってよかったと思う。次は友達ともっと協力したい。
8,2年,女子,部活動,4,軽音楽部のライブで歌った。クラスの仲がよくなったと感じた。来年の文化祭は、もっと早くから準備を始めたい。
9,3年,女子,実行委員,3,実行委員として準備と片付けを担当した。思ったよりお客さんが少なかったが、楽しめた。後輩にもこの経験を伝えたい。
10,2年,男子,クラス企画,3,文化祭でクラスのお化け屋敷を作った。楽しかったが、準備の時間が足りなかった。来年の文化祭は、もっと早くから準備を始めたい。
11,1年,男子,部活動,4,文化祭で吹奏楽部の演奏をした。お客さんがたくさん来てくれて、やってよかったと思う。
12,3年,女子,クラス企画,4,文化祭の模擬店でたこ焼きを売った。来てくれた人が喜んでくれて、うれしかった。来年の文化祭は、もっと早くから準備を始めたい。
13,3年,女子,クラス企画,4,クラスの展示で教室の飾り付けをした。クラスの仲がよくなったと感じた。次は友達ともっと協力したい。
14,2年,女子,クラス企画,4,文化祭でクラスのお化け屋敷を作った。準備は大変だったが、達成感があった。後輩にもこの経験を伝えたい。
15,1年,女子,クラス企画,3,クラスの劇で照明を担当した。思ったよりお客さんが少なかったが、楽しめた。次は友達ともっと協力したい。
16,3年,男子,クラス企画,4,文化祭のステージでクラスのダンスを発表した。みんなで協力できて、とても楽しかった。次は友達ともっと協力したい。
17,2年,男子,部活動,4,文化祭で写真部の一年間の写真を展示した。クラスの仲がよくなったと感じた。後輩にもこの経験を伝えたい。
18,1年,女子,部活動,3,文化祭で写真部の一年間の写真を展示した。忙しくて、ほかのクラスを見に行けなかった。来年の文化祭は、もっと早くから準備を始めたい。
19,1年,女子,クラス企画,5,クラスの劇で照明を担当した。準備は大変だったが、達成感があった。来年の文化祭は、もっと早くから準備を始めたい。
20,1年,男子,実行委員,5,実行委員でポスター作りと宣伝を担当した。お客さんがたくさん来てくれて、やってよかったと思う。
21,1年,男子,クラス企画,5,文化祭でクラスのお化け屋敷を作った。来てくれた人が喜んでくれて、うれしかった。来年の文化祭は、もっと早くから準備を始めたい。
22,3年,女子,クラス企画,4,文化祭のステージでクラスのダンスを発表した。みんなで協力できて、とても楽しかった。後輩にもこの経験を伝えたい。
23,2年,男子,実行委員,4,実行委員で当日の受付をした。来てくれた人が喜んでくれて、うれしかった。
24,1年,男子,部活動,3,軽音楽部のライブで歌った。役割分担をもっと早く決めればよかった。次は友達ともっと協力したい。
25,2年,男子,実行委員,5,実行委員として準備と片付けを担当した。お客さんがたくさん来てくれて、やってよかったと思う。来年の文化祭は、もっと早くから準備を始めたい。
26,2年,男子,クラス企画,3,文化祭の模擬店でたこ焼きを売った。忙しくて、ほかのクラスを見に行けなかった。後輩にもこの経験を伝えたい。
27,3年,女子,実行委員,4,実行委員で当日の受付をした。クラスの仲がよくなったと感じた。
28,3年,女子,部活動,4,美術部で作品を展示した。準備は大変だったが、達成感があった。
29,2年,男子,部活動,3,茶道部でお茶をふるまった。役割分担をもっと早く決めればよかった。後輩にもこの経験を伝えたい。
30,3年,男子,クラス企画,3,クラスの展示で教室の飾り付けをした。思ったよりお客さんが少なかったが、楽しめた。来年の文化祭では、別の企画にも挑戦したい。
31,3年,男子,実行委員,5,文化祭の実行委員として全体の進行を手伝った。みんなで協力できて、とても楽しかった。
32,1年,男子,クラス企画,3,文化祭でクラスのお化け屋敷を作った。楽しかったが、準備の時間が足りなかった。来年の文化祭では、別の企画にも挑戦したい。
33,2年,女子,部活動,4,文化祭で吹奏楽部の演奏をした。みんなで協力できて、とても楽しかった。来年の文化祭は、もっと早くから準備を始めたい。
34,3年,女子,部活動,4,軽音楽部のライブで歌った。クラスの仲がよくなったと感じた。来年の文化祭は、もっと早くから準備を始めたい。
35,3年,女子,部活動,5,茶道部でお茶をふるまった。来てくれた人が喜んでくれて、うれしかった。
36,2年,女子,クラス企画,3,クラスの劇で照明を担当した。役割分担をもっと早く決めればよかった。来年の文化祭は、もっと早くから準備を始めたい。
37,2年,男子,クラス企画,5,文化祭のステージでクラスのダンスを発表した。準備は大変だったが、達成感があった。来年の文化祭では、別の企画にも挑戦したい。
38,2年,男子,部活動,3,美術部で作品を展示した。忙しくて、ほかのクラスを見に行けなかった。次は友達ともっと協力したい。
39,3年,男子,部活動,5,文化祭で写真部の一年間の写真を展示した。お客さんがたくさん来てくれて、やってよかったと思う。来年の文化祭は、もっと早くから準備を始めたい。
40,2年,女子,部活動,3,文化祭で吹奏楽部の演奏をした。思ったよりお客さんが少なかったが、楽しめた。
41,2年,男子,実行委員,5,実行委員でポスター作りと宣伝を担当した。お客さんがたくさん来てくれて、やってよかったと思う。来年の文化祭は、もっと早くから準備を始めたい。
42,2年,女子,クラス企画,4,クラスの展示で教室の飾り付けをした。クラスの仲がよくなったと感じた。
43,1年,男子,クラス企画,4,文化祭の模擬店でたこ焼きを売った。来てくれた人が喜んでくれて、うれしかった。後輩にもこの経験を伝えたい。
44,3年,男子,実行委員,3,実行委員で当日の受付をした。楽しかったが、準備の時間が足りなかった。来年の文化祭では、別の企画にも挑戦したい。
45,2年,女子,クラス企画,3,文化祭の模擬店でたこ焼きを売った。思ったよりお客さんが少なかったが、楽しめた。後輩にもこの経験を伝えたい。
