ID,年月,図書貸出冊数,保健室の利用者数,平均気温
1,2023-04,434,86,14.0
2,2023-05,465,84,18.9
3,2023-06,465,86,22.8
4,2023-07,413,75,25.2
5,2023-08,229,14,26.9
6,2023-09,471,100,22.9
7,2023-10,493,79,17.9
8,2023-11,539,74,11.6
9,2023-12,428,73,7.7
10,2024-01,404,80,5.4
11,2024-02,436,92,5.4
12,2024-03,360,57,10.3
13,2024-04,490,85,14.1
14,2024-05,539,93,19.1
15,2024-06,496,104,21.9
16,2024-07,443,88,26.4
17,2024-08,310,26,26.8
18,2024-09,498,103,22.2
19,2024-10,526,77,18.6
20,2024-11,551,77,12.7
21,2024-12,478,79,7.5
22,2025-01,447,81,6.9
23,2025-02,540,87,5.2
24,2025-03,408,68,10.4
25,2025-04,504,82,14.2
26,2025-05,547,95,18.2
27,2025-06,518,94,20.6
28,2025-07,449,72,27.4
29,2025-08,302,31,25.8
30,2025-09,592,111,23.3
31,2025-10,616,76,17.5
32,2025-11,622,59,14.0
33,2025-12,525,66,8.3
34,2026-01,532,79,5.4
35,2026-02,567,98,5.5
36,2026-03,441,71,9.6
